Metric,Value
Precision,0.6770186335403726
Recall,0.17165354330708663
F1-Score,0.27386934673366836
Accuracy,0.6078697421981004
ROC AUC,0.5632258125064522
